"Step","seed_42_20260211_020518 - train/loss","seed_42_20260211_020518 - train/loss__MIN","seed_42_20260211_020518 - train/loss__MAX"
"0","0.9884748458862305","0.9884748458862305","0.9884748458862305"
"100","0.15410634875297546","0.15410634875297546","0.15410634875297546"
"200","0.12087293714284897","0.12087293714284897","0.12087293714284897"
"300","0.13019591569900513","0.13019591569900513","0.13019591569900513"
"400","0.12031621485948563","0.12031621485948563","0.12031621485948563"
"500","0.12044206261634827","0.12044206261634827","0.12044206261634827"
"600","0.11466966569423676","0.11466966569423676","0.11466966569423676"
"700","0.10042843222618103","0.10042843222618103","0.10042843222618103"
"800","0.11352177709341049","0.11352177709341049","0.11352177709341049"
"900","0.10620448738336563","0.10620448738336563","0.10620448738336563"
"1000","0.08787920325994492","0.08787920325994492","0.08787920325994492"
"1100","0.09600475430488586","0.09600475430488586","0.09600475430488586"
"1200","0.09271721541881561","0.09271721541881561","0.09271721541881561"
"1300","0.10364121943712234","0.10364121943712234","0.10364121943712234"
"1400","0.07607550919055939","0.07607550919055939","0.07607550919055939"
"1500","0.07783089578151703","0.07783089578151703","0.07783089578151703"
"1600","0.0859779641032219","0.0859779641032219","0.0859779641032219"
"1700","0.09823974967002869","0.09823974967002869","0.09823974967002869"
"1800","0.10369748622179031","0.10369748622179031","0.10369748622179031"
"1900","0.09906580299139023","0.09906580299139023","0.09906580299139023"
"2000","0.09345662593841553","0.09345662593841553","0.09345662593841553"
"2100","0.08030162751674652","0.08030162751674652","0.08030162751674652"
"2200","0.07763218879699707","0.07763218879699707","0.07763218879699707"
"2300","0.07235337793827057","0.07235337793827057","0.07235337793827057"
"2400","0.07780125737190247","0.07780125737190247","0.07780125737190247"
"2500","0.08943985402584076","0.08943985402584076","0.08943985402584076"
"2600","0.07196416705846786","0.07196416705846786","0.07196416705846786"
"2700","0.07784531265497208","0.07784531265497208","0.07784531265497208"
"2800","0.0560317225754261","0.0560317225754261","0.0560317225754261"
"2900","0.0815933346748352","0.0815933346748352","0.0815933346748352"
"3000","0.06420283019542694","0.06420283019542694","0.06420283019542694"
"3100","0.06248258054256439","0.06248258054256439","0.06248258054256439"
"3200","0.05866391584277153","0.05866391584277153","0.05866391584277153"
"3300","0.05227375030517578","0.05227375030517578","0.05227375030517578"
"3400","0.0655171275138855","0.0655171275138855","0.0655171275138855"
"3500","0.06836102902889252","0.06836102902889252","0.06836102902889252"
"3600","0.06262369453907013","0.06262369453907013","0.06262369453907013"
"3700","0.06194700673222542","0.06194700673222542","0.06194700673222542"
"3800","0.06485042721033096","0.06485042721033096","0.06485042721033096"
"3900","0.07793939113616943","0.07793939113616943","0.07793939113616943"
"4000","0.06289488077163696","0.06289488077163696","0.06289488077163696"
"4100","0.0734059140086174","0.0734059140086174","0.0734059140086174"
"4200","0.057179395109415054","0.057179395109415054","0.057179395109415054"
"4300","0.06113949790596962","0.06113949790596962","0.06113949790596962"
"4400","0.0619986355304718","0.0619986355304718","0.0619986355304718"
"4500","0.05631992593407631","0.05631992593407631","0.05631992593407631"
"4600","0.05586531385779381","0.05586531385779381","0.05586531385779381"
"4700","0.05954502522945404","0.05954502522945404","0.05954502522945404"
"4800","0.05729982256889343","0.05729982256889343","0.05729982256889343"
"4900","0.08468517661094666","0.08468517661094666","0.08468517661094666"
"5000","0.04834025353193283","0.04834025353193283","0.04834025353193283"
"5100","0.054683100432157516","0.054683100432157516","0.054683100432157516"
"5200","0.04840748757123947","0.04840748757123947","0.04840748757123947"
"5300","0.04840324819087982","0.04840324819087982","0.04840324819087982"
"5400","0.05322728678584099","0.05322728678584099","0.05322728678584099"
"5500","0.06585188210010529","0.06585188210010529","0.06585188210010529"
"5600","0.06187182292342186","0.06187182292342186","0.06187182292342186"
"5700","0.07209336012601852","0.07209336012601852","0.07209336012601852"
"5800","0.06554476916790009","0.06554476916790009","0.06554476916790009"
"5900","0.04101467877626419","0.04101467877626419","0.04101467877626419"
"6000","0.04242345318198204","0.04242345318198204","0.04242345318198204"
"6100","0.054739151149988174","0.054739151149988174","0.054739151149988174"
"6200","0.05491327494382858","0.05491327494382858","0.05491327494382858"
"6300","0.05221846327185631","0.05221846327185631","0.05221846327185631"
"6400","0.060346703976392746","0.060346703976392746","0.060346703976392746"
"6500","0.0717291533946991","0.0717291533946991","0.0717291533946991"
"6600","0.0587967112660408","0.0587967112660408","0.0587967112660408"
"6700","0.04219420999288559","0.04219420999288559","0.04219420999288559"
"6800","0.049527041614055634","0.049527041614055634","0.049527041614055634"
"6900","0.04727737605571747","0.04727737605571747","0.04727737605571747"
"7000","0.0487116202712059","0.0487116202712059","0.0487116202712059"
"7100","0.048361778259277344","0.048361778259277344","0.048361778259277344"
"7200","0.05341691896319389","0.05341691896319389","0.05341691896319389"
"7300","0.04519239813089371","0.04519239813089371","0.04519239813089371"
"7400","0.04619228094816208","0.04619228094816208","0.04619228094816208"
"7500","0.0660230964422226","0.0660230964422226","0.0660230964422226"
"7600","0.055829767137765884","0.055829767137765884","0.055829767137765884"
"7700","0.05592241510748863","0.05592241510748863","0.05592241510748863"
"7800","0.046059198677539825","0.046059198677539825","0.046059198677539825"
"7900","0.0617467500269413","0.0617467500269413","0.0617467500269413"
"8000","0.05641472339630127","0.05641472339630127","0.05641472339630127"
"8100","0.058203842490911484","0.058203842490911484","0.058203842490911484"
"8200","0.05378234386444092","0.05378234386444092","0.05378234386444092"
"8300","0.054001301527023315","0.054001301527023315","0.054001301527023315"
"8400","0.04843655973672867","0.04843655973672867","0.04843655973672867"
"8500","0.05324355140328407","0.05324355140328407","0.05324355140328407"
"8600","0.051615361124277115","0.051615361124277115","0.051615361124277115"
"8700","0.04889147728681564","0.04889147728681564","0.04889147728681564"
"8800","0.04448210448026657","0.04448210448026657","0.04448210448026657"
"8900","0.0540141798555851","0.0540141798555851","0.0540141798555851"
"9000","0.040223270654678345","0.040223270654678345","0.040223270654678345"
"9100","0.033878762274980545","0.033878762274980545","0.033878762274980545"
"9200","0.05207373946905136","0.05207373946905136","0.05207373946905136"
"9300","0.0519392155110836","0.0519392155110836","0.0519392155110836"
"9400","0.042349860072135925","0.042349860072135925","0.042349860072135925"
"9500","0.04801879823207855","0.04801879823207855","0.04801879823207855"
"9600","0.03731232136487961","0.03731232136487961","0.03731232136487961"
"9700","0.036155037581920624","0.036155037581920624","0.036155037581920624"
"9800","0.0367308184504509","0.0367308184504509","0.0367308184504509"
"9900","0.04836625978350639","0.04836625978350639","0.04836625978350639"
"10000","0.03794178366661072","0.03794178366661072","0.03794178366661072"
"10100","0.04525043070316315","0.04525043070316315","0.04525043070316315"
"10200","0.047133564949035645","0.047133564949035645","0.047133564949035645"
"10300","0.0380990095436573","0.0380990095436573","0.0380990095436573"
"10400","0.04190779849886894","0.04190779849886894","0.04190779849886894"
"10500","0.03400581330060959","0.03400581330060959","0.03400581330060959"
"10600","0.05224662274122238","0.05224662274122238","0.05224662274122238"
"10700","0.034955091774463654","0.034955091774463654","0.034955091774463654"
"10800","0.04245448857545853","0.04245448857545853","0.04245448857545853"
"10900","0.04240281879901886","0.04240281879901886","0.04240281879901886"
"11000","0.028427062556147575","0.028427062556147575","0.028427062556147575"
"11100","0.042796485126018524","0.042796485126018524","0.042796485126018524"
"11200","0.03854920715093613","0.03854920715093613","0.03854920715093613"
"11300","0.036867447197437286","0.036867447197437286","0.036867447197437286"
"11400","0.04495949298143387","0.04495949298143387","0.04495949298143387"
"11500","0.03886527940630913","0.03886527940630913","0.03886527940630913"
"11600","0.044231973588466644","0.044231973588466644","0.044231973588466644"
"11700","0.03679338097572327","0.03679338097572327","0.03679338097572327"
"11800","0.03987395018339157","0.03987395018339157","0.03987395018339157"
"11900","0.03464158624410629","0.03464158624410629","0.03464158624410629"
"12000","0.053979355841875076","0.053979355841875076","0.053979355841875076"
"12100","0.03468252345919609","0.03468252345919609","0.03468252345919609"
"12200","0.03751145303249359","0.03751145303249359","0.03751145303249359"
"12300","0.047079719603061676","0.047079719603061676","0.047079719603061676"
"12400","0.052909545600414276","0.052909545600414276","0.052909545600414276"
"12500","0.0337880477309227","0.0337880477309227","0.0337880477309227"
"12600","0.03451447933912277","0.03451447933912277","0.03451447933912277"
"12700","0.05446523055434227","0.05446523055434227","0.05446523055434227"
"12800","0.04390724003314972","0.04390724003314972","0.04390724003314972"
"12900","0.03932013735175133","0.03932013735175133","0.03932013735175133"
"13000","0.03184990584850311","0.03184990584850311","0.03184990584850311"
"13100","0.061720866709947586","0.061720866709947586","0.061720866709947586"
"13200","0.03923030197620392","0.03923030197620392","0.03923030197620392"
"13300","0.038273125886917114","0.038273125886917114","0.038273125886917114"
"13400","0.04360656067728996","0.04360656067728996","0.04360656067728996"
"13500","0.03854808211326599","0.03854808211326599","0.03854808211326599"
"13600","0.02710910327732563","0.02710910327732563","0.02710910327732563"
"13700","0.03924688324332237","0.03924688324332237","0.03924688324332237"
"13800","0.035893961787223816","0.035893961787223816","0.035893961787223816"
"13900","0.035628028213977814","0.035628028213977814","0.035628028213977814"
"14000","0.04165211319923401","0.04165211319923401","0.04165211319923401"
"14100","0.040885888040065765","0.040885888040065765","0.040885888040065765"
"14200","0.03196593374013901","0.03196593374013901","0.03196593374013901"
"14300","0.048539239913225174","0.048539239913225174","0.048539239913225174"
"14400","0.03535423427820206","0.03535423427820206","0.03535423427820206"
"14500","0.032023169100284576","0.032023169100284576","0.032023169100284576"
"14600","0.03418489545583725","0.03418489545583725","0.03418489545583725"
"14700","0.029219377785921097","0.029219377785921097","0.029219377785921097"
"14800","0.03694157302379608","0.03694157302379608","0.03694157302379608"
"14900","0.03412763401865959","0.03412763401865959","0.03412763401865959"
"15000","0.034686215221881866","0.034686215221881866","0.034686215221881866"
"15100","0.03546226769685745","0.03546226769685745","0.03546226769685745"
"15200","0.03252426162362099","0.03252426162362099","0.03252426162362099"
"15300","0.037567708641290665","0.037567708641290665","0.037567708641290665"
"15400","0.03272880241274834","0.03272880241274834","0.03272880241274834"
"15500","0.032875657081604004","0.032875657081604004","0.032875657081604004"
"15600","0.04488906264305115","0.04488906264305115","0.04488906264305115"
"15700","0.04108894616365433","0.04108894616365433","0.04108894616365433"
"15800","0.04191933572292328","0.04191933572292328","0.04191933572292328"
"15900","0.03653167188167572","0.03653167188167572","0.03653167188167572"
"16000","0.03092559613287449","0.03092559613287449","0.03092559613287449"
"16100","0.033111777156591415","0.033111777156591415","0.033111777156591415"
"16200","0.03457777947187424","0.03457777947187424","0.03457777947187424"
"16300","0.028431802988052368","0.028431802988052368","0.028431802988052368"
"16400","0.034100744873285294","0.034100744873285294","0.034100744873285294"
"16500","0.02899729087948799","0.02899729087948799","0.02899729087948799"
"16600","0.03462064638733864","0.03462064638733864","0.03462064638733864"
"16700","0.0352775976061821","0.0352775976061821","0.0352775976061821"
"16800","0.03046428970992565","0.03046428970992565","0.03046428970992565"
"16900","0.02883608639240265","0.02883608639240265","0.02883608639240265"
"17000","0.0280066579580307","0.0280066579580307","0.0280066579580307"
"17100","0.02822200208902359","0.02822200208902359","0.02822200208902359"
"17200","0.027601562440395355","0.027601562440395355","0.027601562440395355"
"17300","0.028590388596057892","0.028590388596057892","0.028590388596057892"
"17400","0.03812125325202942","0.03812125325202942","0.03812125325202942"
"17500","0.037793807685375214","0.037793807685375214","0.037793807685375214"
"17600","0.03398621082305908","0.03398621082305908","0.03398621082305908"
"17700","0.0487840473651886","0.0487840473651886","0.0487840473651886"
"17800","0.029560914263129234","0.029560914263129234","0.029560914263129234"
"17900","0.028966475278139114","0.028966475278139114","0.028966475278139114"
"18000","0.028863634914159775","0.028863634914159775","0.028863634914159775"
"18100","0.03171149268746376","0.03171149268746376","0.03171149268746376"
"18200","0.029763564467430115","0.029763564467430115","0.029763564467430115"
"18300","0.02850564941763878","0.02850564941763878","0.02850564941763878"
"18400","0.031934138387441635","0.031934138387441635","0.031934138387441635"
"18500","0.03510608524084091","0.03510608524084091","0.03510608524084091"
"18600","0.03257686644792557","0.03257686644792557","0.03257686644792557"
"18700","0.04012059420347214","0.04012059420347214","0.04012059420347214"
"18800","0.025067530572414398","0.025067530572414398","0.025067530572414398"
"18900","0.03695079684257507","0.03695079684257507","0.03695079684257507"
"19000","0.02150750532746315","0.02150750532746315","0.02150750532746315"
"19100","0.030600419268012047","0.030600419268012047","0.030600419268012047"
"19200","0.030108926817774773","0.030108926817774773","0.030108926817774773"
"19300","0.03470749408006668","0.03470749408006668","0.03470749408006668"
"19400","0.032310523092746735","0.032310523092746735","0.032310523092746735"
"19500","0.032666414976119995","0.032666414976119995","0.032666414976119995"
"19600","0.03125077858567238","0.03125077858567238","0.03125077858567238"
"19700","0.027941185981035233","0.027941185981035233","0.027941185981035233"
"19800","0.04156028479337692","0.04156028479337692","0.04156028479337692"
"19900","0.02727830410003662","0.02727830410003662","0.02727830410003662"
"20000","0.02515016682446003","0.02515016682446003","0.02515016682446003"
"20100","0.03395070508122444","0.03395070508122444","0.03395070508122444"
"20200","0.033803023397922516","0.033803023397922516","0.033803023397922516"
"20300","0.031732987612485886","0.031732987612485886","0.031732987612485886"
"20400","0.03358182683587074","0.03358182683587074","0.03358182683587074"
"20500","0.0328979417681694","0.0328979417681694","0.0328979417681694"
"20600","0.04312751442193985","0.04312751442193985","0.04312751442193985"
"20700","0.025809232145547867","0.025809232145547867","0.025809232145547867"
"20800","0.03784239664673805","0.03784239664673805","0.03784239664673805"
"20900","0.035470277070999146","0.035470277070999146","0.035470277070999146"
"21000","0.029725290834903717","0.029725290834903717","0.029725290834903717"
"21100","0.037464916706085205","0.037464916706085205","0.037464916706085205"
"21200","0.02607634663581848","0.02607634663581848","0.02607634663581848"
"21300","0.04135649651288986","0.04135649651288986","0.04135649651288986"
"21400","0.034037988632917404","0.034037988632917404","0.034037988632917404"
"21500","0.04823882877826691","0.04823882877826691","0.04823882877826691"
"21600","0.034546274691820145","0.034546274691820145","0.034546274691820145"
"21700","0.03650511056184769","0.03650511056184769","0.03650511056184769"
"21800","0.02863582782447338","0.02863582782447338","0.02863582782447338"
"21900","0.045573197305202484","0.045573197305202484","0.045573197305202484"
"22000","0.025835955515503883","0.025835955515503883","0.025835955515503883"
"22100","0.038190364837646484","0.038190364837646484","0.038190364837646484"
"22200","0.027508577331900597","0.027508577331900597","0.027508577331900597"
"22300","0.024850476533174515","0.024850476533174515","0.024850476533174515"
"22400","0.03074580244719982","0.03074580244719982","0.03074580244719982"
"22500","0.03033871203660965","0.03033871203660965","0.03033871203660965"
"22600","0.031832605600357056","0.031832605600357056","0.031832605600357056"
"22700","0.03370313718914986","0.03370313718914986","0.03370313718914986"
"22800","0.023759882897138596","0.023759882897138596","0.023759882897138596"
"22900","0.029930565506219864","0.029930565506219864","0.029930565506219864"
"23000","0.02770054340362549","0.02770054340362549","0.02770054340362549"
"23100","0.030938269570469856","0.030938269570469856","0.030938269570469856"
"23200","0.03620803356170654","0.03620803356170654","0.03620803356170654"
"23300","0.030596144497394562","0.030596144497394562","0.030596144497394562"
"23400","0.02320592850446701","0.02320592850446701","0.02320592850446701"
"23500","0.026404300704598427","0.026404300704598427","0.026404300704598427"
"23600","0.03188638389110565","0.03188638389110565","0.03188638389110565"
"23700","0.02918439358472824","0.02918439358472824","0.02918439358472824"
"23800","0.028405070304870605","0.028405070304870605","0.028405070304870605"
"23900","0.025276323780417442","0.025276323780417442","0.025276323780417442"
"24000","0.03281967341899872","0.03281967341899872","0.03281967341899872"
"24100","0.025150323286652565","0.025150323286652565","0.025150323286652565"
"24200","0.03231649845838547","0.03231649845838547","0.03231649845838547"
"24300","0.026446403935551643","0.026446403935551643","0.026446403935551643"
"24400","0.02818344719707966","0.02818344719707966","0.02818344719707966"
"24500","0.027428550645709038","0.027428550645709038","0.027428550645709038"
"24600","0.03295229747891426","0.03295229747891426","0.03295229747891426"
"24700","0.03114907070994377","0.03114907070994377","0.03114907070994377"
"24800","0.022473854944109917","0.022473854944109917","0.022473854944109917"
"24900","0.027272852137684822","0.027272852137684822","0.027272852137684822"
"25000","0.02978532575070858","0.02978532575070858","0.02978532575070858"
"25100","0.026936672627925873","0.026936672627925873","0.026936672627925873"
"25200","0.025613049045205116","0.025613049045205116","0.025613049045205116"
"25300","0.029797645285725594","0.029797645285725594","0.029797645285725594"
"25400","0.03539278730750084","0.03539278730750084","0.03539278730750084"
"25500","0.03452062979340553","0.03452062979340553","0.03452062979340553"
"25600","0.026258401572704315","0.026258401572704315","0.026258401572704315"
"25700","0.031343601644039154","0.031343601644039154","0.031343601644039154"
"25800","0.030207853764295578","0.030207853764295578","0.030207853764295578"
"25900","0.02633872628211975","0.02633872628211975","0.02633872628211975"
"26000","0.030810434371232986","0.030810434371232986","0.030810434371232986"
"26100","0.027485892176628113","0.027485892176628113","0.027485892176628113"
"26200","0.019858479499816895","0.019858479499816895","0.019858479499816895"
"26300","0.030347639694809914","0.030347639694809914","0.030347639694809914"
"26400","0.02970048226416111","0.02970048226416111","0.02970048226416111"
"26500","0.030172858387231827","0.030172858387231827","0.030172858387231827"
"26600","0.04020062834024429","0.04020062834024429","0.04020062834024429"
"26700","0.0239892415702343","0.0239892415702343","0.0239892415702343"
"26800","0.023802271112799644","0.023802271112799644","0.023802271112799644"
"26900","0.03449872508645058","0.03449872508645058","0.03449872508645058"
"27000","0.028961772099137306","0.028961772099137306","0.028961772099137306"
"27100","0.02097904682159424","0.02097904682159424","0.02097904682159424"
"27200","0.031334102153778076","0.031334102153778076","0.031334102153778076"
"27300","0.03404492139816284","0.03404492139816284","0.03404492139816284"
"27400","0.03184085711836815","0.03184085711836815","0.03184085711836815"
"27500","0.027119290083646774","0.027119290083646774","0.027119290083646774"
"27600","0.0278334841132164","0.0278334841132164","0.0278334841132164"
"27700","0.032050520181655884","0.032050520181655884","0.032050520181655884"
"27800","0.02355940453708172","0.02355940453708172","0.02355940453708172"
"27900","0.028888339176774025","0.028888339176774025","0.028888339176774025"
"28000","0.037227582186460495","0.037227582186460495","0.037227582186460495"
"28100","0.02595735341310501","0.02595735341310501","0.02595735341310501"
"28200","0.03131110966205597","0.03131110966205597","0.03131110966205597"
"28300","0.026581915095448494","0.026581915095448494","0.026581915095448494"
"28400","0.02141578122973442","0.02141578122973442","0.02141578122973442"
"28500","0.022277427837252617","0.022277427837252617","0.022277427837252617"
"28600","0.028059545904397964","0.028059545904397964","0.028059545904397964"
"28700","0.027398116886615753","0.027398116886615753","0.027398116886615753"
"28800","0.032203249633312225","0.032203249633312225","0.032203249633312225"
"28900","0.03343351557850838","0.03343351557850838","0.03343351557850838"
"29000","0.028394797816872597","0.028394797816872597","0.028394797816872597"
"29100","0.03128345310688019","0.03128345310688019","0.03128345310688019"
"29200","0.02338292822241783","0.02338292822241783","0.02338292822241783"
"29300","0.021520370617508888","0.021520370617508888","0.021520370617508888"
"29400","0.03012726455926895","0.03012726455926895","0.03012726455926895"
"29500","0.030429217964410782","0.030429217964410782","0.030429217964410782"
"29600","0.029488805681467056","0.029488805681467056","0.029488805681467056"
"29700","0.028520122170448303","0.028520122170448303","0.028520122170448303"
"29800","0.02775641903281212","0.02775641903281212","0.02775641903281212"
"29900","0.02392512746155262","0.02392512746155262","0.02392512746155262"
"30000","0.027916204184293747","0.027916204184293747","0.027916204184293747"
"30100","0.022882811725139618","0.022882811725139618","0.022882811725139618"
"30200","0.030306145548820496","0.030306145548820496","0.030306145548820496"
"30300","0.026628626510500908","0.026628626510500908","0.026628626510500908"
"30400","0.03828605264425278","0.03828605264425278","0.03828605264425278"
"30500","0.02442255988717079","0.02442255988717079","0.02442255988717079"
"30600","0.01997171714901924","0.01997171714901924","0.01997171714901924"
"30700","0.026512620970606804","0.026512620970606804","0.026512620970606804"
"30800","0.03645063936710358","0.03645063936710358","0.03645063936710358"
"30900","0.022543253377079964","0.022543253377079964","0.022543253377079964"
"31000","0.0166960246860981","0.0166960246860981","0.0166960246860981"
"31100","0.0280337855219841","0.0280337855219841","0.0280337855219841"
"31200","0.02156764641404152","0.02156764641404152","0.02156764641404152"
"31300","0.033429667353630066","0.033429667353630066","0.033429667353630066"
"31400","0.022609639912843704","0.022609639912843704","0.022609639912843704"
"31500","0.02007834054529667","0.02007834054529667","0.02007834054529667"
"31600","0.030901603400707245","0.030901603400707245","0.030901603400707245"
"31700","0.021595891565084457","0.021595891565084457","0.021595891565084457"
"31800","0.024205051362514496","0.024205051362514496","0.024205051362514496"
"31900","0.02000369131565094","0.02000369131565094","0.02000369131565094"
"32000","0.026253918185830116","0.026253918185830116","0.026253918185830116"
"32100","0.02399589493870735","0.02399589493870735","0.02399589493870735"
"32200","0.02533024549484253","0.02533024549484253","0.02533024549484253"
"32300","0.023848604410886765","0.023848604410886765","0.023848604410886765"
"32400","0.024169113487005234","0.024169113487005234","0.024169113487005234"
"32500","0.02375326305627823","0.02375326305627823","0.02375326305627823"
"32600","0.03587297722697258","0.03587297722697258","0.03587297722697258"
"32700","0.029315460473299026","0.029315460473299026","0.029315460473299026"
"32800","0.030032459646463394","0.030032459646463394","0.030032459646463394"
"32900","0.023588551208376884","0.023588551208376884","0.023588551208376884"
"33000","0.025223886594176292","0.025223886594176292","0.025223886594176292"
"33100","0.021350951865315437","0.021350951865315437","0.021350951865315437"
"33200","0.0399676114320755","0.0399676114320755","0.0399676114320755"
"33300","0.020761093124747276","0.020761093124747276","0.020761093124747276"
"33400","0.02545880153775215","0.02545880153775215","0.02545880153775215"
"33500","0.021158067509531975","0.021158067509531975","0.021158067509531975"
"33600","0.024223051965236664","0.024223051965236664","0.024223051965236664"
"33700","0.024936802685260773","0.024936802685260773","0.024936802685260773"
"33800","0.018436823040246964","0.018436823040246964","0.018436823040246964"
"33900","0.01974247768521309","0.01974247768521309","0.01974247768521309"
"34000","0.025778183713555336","0.025778183713555336","0.025778183713555336"
"34100","0.02594033256173134","0.02594033256173134","0.02594033256173134"
"34200","0.024612290784716606","0.024612290784716606","0.024612290784716606"
"34300","0.026207024231553078","0.026207024231553078","0.026207024231553078"
"34400","0.021402832120656967","0.021402832120656967","0.021402832120656967"
"34500","0.01722572185099125","0.01722572185099125","0.01722572185099125"
"34600","0.02789188176393509","0.02789188176393509","0.02789188176393509"
"34700","0.02573947049677372","0.02573947049677372","0.02573947049677372"
"34800","0.025733228772878647","0.025733228772878647","0.025733228772878647"
"34900","0.027415480464696884","0.027415480464696884","0.027415480464696884"
"35000","0.022655770182609558","0.022655770182609558","0.022655770182609558"
"35100","0.02221168763935566","0.02221168763935566","0.02221168763935566"
"35200","0.030778460204601288","0.030778460204601288","0.030778460204601288"
"35300","0.024143123999238014","0.024143123999238014","0.024143123999238014"
"35400","0.019048908725380898","0.019048908725380898","0.019048908725380898"
"35500","0.022718288004398346","0.022718288004398346","0.022718288004398346"
"35600","0.02467850036919117","0.02467850036919117","0.02467850036919117"
"35700","0.023439105600118637","0.023439105600118637","0.023439105600118637"
"35800","0.025531096383929253","0.025531096383929253","0.025531096383929253"
"35900","0.021171730011701584","0.021171730011701584","0.021171730011701584"
"36000","0.024728212505578995","0.024728212505578995","0.024728212505578995"
"36100","0.02143951505422592","0.02143951505422592","0.02143951505422592"
"36200","0.018604081124067307","0.018604081124067307","0.018604081124067307"
"36300","0.028242696076631546","0.028242696076631546","0.028242696076631546"
"36400","0.02823188155889511","0.02823188155889511","0.02823188155889511"
"36500","0.01888507977128029","0.01888507977128029","0.01888507977128029"
"36600","0.01998746395111084","0.01998746395111084","0.01998746395111084"
"36700","0.024094952270388603","0.024094952270388603","0.024094952270388603"
"36800","0.023037035018205643","0.023037035018205643","0.023037035018205643"
"36900","0.025622131302952766","0.025622131302952766","0.025622131302952766"
"37000","0.01854185201227665","0.01854185201227665","0.01854185201227665"
"37100","0.02348044142127037","0.02348044142127037","0.02348044142127037"
"37200","0.022151462733745575","0.022151462733745575","0.022151462733745575"
"37300","0.020381949841976166","0.020381949841976166","0.020381949841976166"
"37400","0.021277345716953278","0.021277345716953278","0.021277345716953278"
"37500","0.019330915063619614","0.019330915063619614","0.019330915063619614"
"37600","0.022637952119112015","0.022637952119112015","0.022637952119112015"
"37700","0.021809445694088936","0.021809445694088936","0.021809445694088936"
"37800","0.023151857778429985","0.023151857778429985","0.023151857778429985"
"37900","0.02220858633518219","0.02220858633518219","0.02220858633518219"
"38000","0.026955438777804375","0.026955438777804375","0.026955438777804375"
"38100","0.02184433676302433","0.02184433676302433","0.02184433676302433"
"38200","0.022083424031734467","0.022083424031734467","0.022083424031734467"
"38300","0.021235335618257523","0.021235335618257523","0.021235335618257523"
"38400","0.025609197095036507","0.025609197095036507","0.025609197095036507"
"38500","0.02155926078557968","0.02155926078557968","0.02155926078557968"
"38600","0.022702235728502274","0.022702235728502274","0.022702235728502274"
"38700","0.024475477635860443","0.024475477635860443","0.024475477635860443"
"38800","0.02954043447971344","0.02954043447971344","0.02954043447971344"
"38900","0.01954067498445511","0.01954067498445511","0.01954067498445511"
"39000","0.024718821048736572","0.024718821048736572","0.024718821048736572"
"39100","0.024326469749212265","0.024326469749212265","0.024326469749212265"
"39200","0.020597344264388084","0.020597344264388084","0.020597344264388084"
"39300","0.01747351884841919","0.01747351884841919","0.01747351884841919"
"39400","0.021297473460435867","0.021297473460435867","0.021297473460435867"
"39500","0.023044925183057785","0.023044925183057785","0.023044925183057785"
"39600","0.017530901357531548","0.017530901357531548","0.017530901357531548"
"39700","0.018294643610715866","0.018294643610715866","0.018294643610715866"
"39800","0.01724211871623993","0.01724211871623993","0.01724211871623993"
"39900","0.02151988446712494","0.02151988446712494","0.02151988446712494"
"40000","0.022259803488850594","0.022259803488850594","0.022259803488850594"
"40100","0.02407035604119301","0.02407035604119301","0.02407035604119301"
"40200","0.028937194496393204","0.028937194496393204","0.028937194496393204"
"40300","0.02212536334991455","0.02212536334991455","0.02212536334991455"
"40400","0.01870916225016117","0.01870916225016117","0.01870916225016117"
"40500","0.019676871597766876","0.019676871597766876","0.019676871597766876"
"40600","0.019725266844034195","0.019725266844034195","0.019725266844034195"
"40700","0.024565348401665688","0.024565348401665688","0.024565348401665688"
"40800","0.019687529653310776","0.019687529653310776","0.019687529653310776"
"40900","0.021129189059138298","0.021129189059138298","0.021129189059138298"
"41000","0.023026997223496437","0.023026997223496437","0.023026997223496437"
"41100","0.02180502377450466","0.02180502377450466","0.02180502377450466"
"41200","0.023861626163125038","0.023861626163125038","0.023861626163125038"
"41300","0.017924856394529343","0.017924856394529343","0.017924856394529343"
"41400","0.021191630512475967","0.021191630512475967","0.021191630512475967"
"41500","0.020887427031993866","0.020887427031993866","0.020887427031993866"
"41600","0.019378677010536194","0.019378677010536194","0.019378677010536194"
"41700","0.017841847613453865","0.017841847613453865","0.017841847613453865"
"41800","0.02375406213104725","0.02375406213104725","0.02375406213104725"
"41900","0.026120226830244064","0.026120226830244064","0.026120226830244064"
"42000","0.024287015199661255","0.024287015199661255","0.024287015199661255"
"42100","0.01874455250799656","0.01874455250799656","0.01874455250799656"
"42200","0.02668486349284649","0.02668486349284649","0.02668486349284649"
"42300","0.019389841705560684","0.019389841705560684","0.019389841705560684"
"42400","0.023071376606822014","0.023071376606822014","0.023071376606822014"
"42500","0.024948621168732643","0.024948621168732643","0.024948621168732643"
"42600","0.023363526910543442","0.023363526910543442","0.023363526910543442"
"42700","0.019553005695343018","0.019553005695343018","0.019553005695343018"
"42800","0.0207194946706295","0.0207194946706295","0.0207194946706295"
"42900","0.021061642095446587","0.021061642095446587","0.021061642095446587"
"43000","0.017894957214593887","0.017894957214593887","0.017894957214593887"
"43100","0.017676852643489838","0.017676852643489838","0.017676852643489838"
"43200","0.02099539339542389","0.02099539339542389","0.02099539339542389"
"43300","0.022611582651734352","0.022611582651734352","0.022611582651734352"
"43400","0.021966788917779922","0.021966788917779922","0.021966788917779922"
"43500","0.01608666405081749","0.01608666405081749","0.01608666405081749"
"43600","0.016399603337049484","0.016399603337049484","0.016399603337049484"
"43700","0.015948571264743805","0.015948571264743805","0.015948571264743805"
"43800","0.021311987191438675","0.021311987191438675","0.021311987191438675"
"43900","0.0160556361079216","0.0160556361079216","0.0160556361079216"
"44000","0.01755310781300068","0.01755310781300068","0.01755310781300068"
"44100","0.02194145694375038","0.02194145694375038","0.02194145694375038"
"44200","0.02371363341808319","0.02371363341808319","0.02371363341808319"
"44300","0.015217617154121399","0.015217617154121399","0.015217617154121399"
"44400","0.026211408898234367","0.026211408898234367","0.026211408898234367"
"44500","0.02319251373410225","0.02319251373410225","0.02319251373410225"
"44600","0.021349061280488968","0.021349061280488968","0.021349061280488968"
"44700","0.017334559932351112","0.017334559932351112","0.017334559932351112"
"44800","0.024294789880514145","0.024294789880514145","0.024294789880514145"
"44900","0.022106077522039413","0.022106077522039413","0.022106077522039413"
"45000","0.02063438668847084","0.02063438668847084","0.02063438668847084"
"45100","0.02226678654551506","0.02226678654551506","0.02226678654551506"
"45200","0.015807438641786575","0.015807438641786575","0.015807438641786575"
"45300","0.021192174404859543","0.021192174404859543","0.021192174404859543"
"45400","0.023788761347532272","0.023788761347532272","0.023788761347532272"
"45500","0.024981888011097908","0.024981888011097908","0.024981888011097908"
"45600","0.016688864678144455","0.016688864678144455","0.016688864678144455"
"45700","0.02292996644973755","0.02292996644973755","0.02292996644973755"
"45800","0.016489563509821892","0.016489563509821892","0.016489563509821892"
"45900","0.023058388382196426","0.023058388382196426","0.023058388382196426"
"46000","0.01590825244784355","0.01590825244784355","0.01590825244784355"
"46100","0.017320703715085983","0.017320703715085983","0.017320703715085983"
"46200","0.021655850112438202","0.021655850112438202","0.021655850112438202"
"46300","0.01778090000152588","0.01778090000152588","0.01778090000152588"
"46400","0.018127476796507835","0.018127476796507835","0.018127476796507835"
"46500","0.0217592753469944","0.0217592753469944","0.0217592753469944"
"46600","0.020459380000829697","0.020459380000829697","0.020459380000829697"
"46700","0.02182469516992569","0.02182469516992569","0.02182469516992569"
"46800","0.02691497839987278","0.02691497839987278","0.02691497839987278"
"46900","0.02363988757133484","0.02363988757133484","0.02363988757133484"
"47000","0.020079687237739563","0.020079687237739563","0.020079687237739563"
"47100","0.018878627568483353","0.018878627568483353","0.018878627568483353"
"47200","0.017545774579048157","0.017545774579048157","0.017545774579048157"
"47300","0.021576523780822754","0.021576523780822754","0.021576523780822754"
"47400","0.022510331124067307","0.022510331124067307","0.022510331124067307"
"47500","0.019182804971933365","0.019182804971933365","0.019182804971933365"
"47600","0.022009853273630142","0.022009853273630142","0.022009853273630142"
"47700","0.020043905824422836","0.020043905824422836","0.020043905824422836"
"47800","0.017545945942401886","0.017545945942401886","0.017545945942401886"
"47900","0.020664025098085403","0.020664025098085403","0.020664025098085403"
"48000","0.02231448143720627","0.02231448143720627","0.02231448143720627"
"48100","0.02114136330783367","0.02114136330783367","0.02114136330783367"
"48200","0.017911838367581367","0.017911838367581367","0.017911838367581367"
"48300","0.018928565084934235","0.018928565084934235","0.018928565084934235"
"48400","0.0239370409399271","0.0239370409399271","0.0239370409399271"
"48500","0.01846790686249733","0.01846790686249733","0.01846790686249733"
"48600","0.01925903558731079","0.01925903558731079","0.01925903558731079"
"48700","0.02445322461426258","0.02445322461426258","0.02445322461426258"
"48800","0.017506929114460945","0.017506929114460945","0.017506929114460945"
"48900","0.01903569884598255","0.01903569884598255","0.01903569884598255"
"49000","0.01791498251259327","0.01791498251259327","0.01791498251259327"
"49100","0.02090439200401306","0.02090439200401306","0.02090439200401306"
"49200","0.01864723302423954","0.01864723302423954","0.01864723302423954"
"49300","0.021365048363804817","0.021365048363804817","0.021365048363804817"
"49400","0.026977770030498505","0.026977770030498505","0.026977770030498505"
"49500","0.01984000951051712","0.01984000951051712","0.01984000951051712"
"49600","0.020802520215511322","0.020802520215511322","0.020802520215511322"
"49700","0.02170080691576004","0.02170080691576004","0.02170080691576004"
"49800","0.018182076513767242","0.018182076513767242","0.018182076513767242"
"49900","0.01796817034482956","0.01796817034482956","0.01796817034482956"
"50000","0.024537941440939903","0.024537941440939903","0.024537941440939903"
"50100","0.018206093460321426","0.018206093460321426","0.018206093460321426"
"50200","0.022643346339464188","0.022643346339464188","0.022643346339464188"
"50300","0.019129719585180283","0.019129719585180283","0.019129719585180283"
"50400","0.014716672711074352","0.014716672711074352","0.014716672711074352"
"50500","0.017334403470158577","0.017334403470158577","0.017334403470158577"
"50600","0.022829003632068634","0.022829003632068634","0.022829003632068634"
"50700","0.0209769569337368","0.0209769569337368","0.0209769569337368"
"50800","0.017040330916643143","0.017040330916643143","0.017040330916643143"
"50900","0.01692241057753563","0.01692241057753563","0.01692241057753563"
"51000","0.016308728605508804","0.016308728605508804","0.016308728605508804"
"51100","0.016476986929774284","0.016476986929774284","0.016476986929774284"
"51200","0.015759820118546486","0.015759820118546486","0.015759820118546486"
"51300","0.01643669418990612","0.01643669418990612","0.01643669418990612"
"51400","0.017689023166894913","0.017689023166894913","0.017689023166894913"
"51500","0.018480783328413963","0.018480783328413963","0.018480783328413963"
"51600","0.01869921013712883","0.01869921013712883","0.01869921013712883"
"51700","0.014267287217080593","0.014267287217080593","0.014267287217080593"
"51800","0.01760903373360634","0.01760903373360634","0.01760903373360634"
"51900","0.01738140359520912","0.01738140359520912","0.01738140359520912"
"52000","0.01760723441839218","0.01760723441839218","0.01760723441839218"
"52100","0.021606024354696274","0.021606024354696274","0.021606024354696274"
"52200","0.0177525095641613","0.0177525095641613","0.0177525095641613"
"52300","0.019569745287299156","0.019569745287299156","0.019569745287299156"
"52400","0.021373838186264038","0.021373838186264038","0.021373838186264038"
"52500","0.020854953676462173","0.020854953676462173","0.020854953676462173"
"52600","0.017367921769618988","0.017367921769618988","0.017367921769618988"
"52700","0.01821943372488022","0.01821943372488022","0.01821943372488022"
"52800","0.014024478383362293","0.014024478383362293","0.014024478383362293"
"52900","0.019507374614477158","0.019507374614477158","0.019507374614477158"
"53000","0.019297365099191666","0.019297365099191666","0.019297365099191666"
"53100","0.019042473286390305","0.019042473286390305","0.019042473286390305"
"53200","0.018713930621743202","0.018713930621743202","0.018713930621743202"
"53300","0.020814014598727226","0.020814014598727226","0.020814014598727226"
"53400","0.016046714037656784","0.016046714037656784","0.016046714037656784"
"53500","0.021214749664068222","0.021214749664068222","0.021214749664068222"
"53600","0.018489273265004158","0.018489273265004158","0.018489273265004158"
"53700","0.019139206036925316","0.019139206036925316","0.019139206036925316"
"53800","0.01831185258924961","0.01831185258924961","0.01831185258924961"
"53900","0.018934503197669983","0.018934503197669983","0.018934503197669983"
"54000","0.016514001414179802","0.016514001414179802","0.016514001414179802"
"54100","0.019272685050964355","0.019272685050964355","0.019272685050964355"
"54200","0.016135286539793015","0.016135286539793015","0.016135286539793015"
"54300","0.020558107644319534","0.020558107644319534","0.020558107644319534"
"54400","0.01935265213251114","0.01935265213251114","0.01935265213251114"
"54500","0.017215710133314133","0.017215710133314133","0.017215710133314133"
"54600","0.021960699930787086","0.021960699930787086","0.021960699930787086"
"54700","0.020136944949626923","0.020136944949626923","0.020136944949626923"
"54800","0.02107420191168785","0.02107420191168785","0.02107420191168785"
"54900","0.0163724347949028","0.0163724347949028","0.0163724347949028"
"55000","0.01614164561033249","0.01614164561033249","0.01614164561033249"
"55100","0.017174378037452698","0.017174378037452698","0.017174378037452698"
"55200","0.01586417481303215","0.01586417481303215","0.01586417481303215"
"55300","0.018521033227443695","0.018521033227443695","0.018521033227443695"
"55400","0.020810578018426895","0.020810578018426895","0.020810578018426895"
"55500","0.01786181889474392","0.01786181889474392","0.01786181889474392"
"55600","0.02171957865357399","0.02171957865357399","0.02171957865357399"
"55700","0.014277191832661629","0.014277191832661629","0.014277191832661629"
"55800","0.018987569957971573","0.018987569957971573","0.018987569957971573"
"55900","0.02066826820373535","0.02066826820373535","0.02066826820373535"
"56000","0.01816028542816639","0.01816028542816639","0.01816028542816639"
"56100","0.01967417448759079","0.01967417448759079","0.01967417448759079"
"56200","0.014374777674674988","0.014374777674674988","0.014374777674674988"
"56300","0.024915505200624466","0.024915505200624466","0.024915505200624466"
"56400","0.022071635350584984","0.022071635350584984","0.022071635350584984"
"56500","0.020878594368696213","0.020878594368696213","0.020878594368696213"
"56600","0.0240902379155159","0.0240902379155159","0.0240902379155159"
"56700","0.024313118308782578","0.024313118308782578","0.024313118308782578"
"56800","0.015747644007205963","0.015747644007205963","0.015747644007205963"
"56900","0.01832311414182186","0.01832311414182186","0.01832311414182186"
"57000","0.021456986665725708","0.021456986665725708","0.021456986665725708"
"57100","0.017676182091236115","0.017676182091236115","0.017676182091236115"
"57200","0.014856018126010895","0.014856018126010895","0.014856018126010895"
"57300","0.020212946459650993","0.020212946459650993","0.020212946459650993"
"57400","0.02304873801767826","0.02304873801767826","0.02304873801767826"
"57500","0.02153209038078785","0.02153209038078785","0.02153209038078785"
"57600","0.01948542892932892","0.01948542892932892","0.01948542892932892"
"57700","0.01866309903562069","0.01866309903562069","0.01866309903562069"
"57800","0.015724999830126762","0.015724999830126762","0.015724999830126762"
"57900","0.01681245118379593","0.01681245118379593","0.01681245118379593"
"58000","0.016143882647156715","0.016143882647156715","0.016143882647156715"
"58100","0.017564313486218452","0.017564313486218452","0.017564313486218452"
"58200","0.01759237051010132","0.01759237051010132","0.01759237051010132"
"58300","0.018766172230243683","0.018766172230243683","0.018766172230243683"
"58400","0.015584942884743214","0.015584942884743214","0.015584942884743214"
"58500","0.022461989894509315","0.022461989894509315","0.022461989894509315"
"58600","0.019673168659210205","0.019673168659210205","0.019673168659210205"
"58700","0.02236763760447502","0.02236763760447502","0.02236763760447502"
"58800","0.016679678112268448","0.016679678112268448","0.016679678112268448"
"58900","0.018473418429493904","0.018473418429493904","0.018473418429493904"
"59000","0.019946638494729996","0.019946638494729996","0.019946638494729996"
"59100","0.016544047743082047","0.016544047743082047","0.016544047743082047"
"59200","0.01960642635822296","0.01960642635822296","0.01960642635822296"
"59300","0.019433794543147087","0.019433794543147087","0.019433794543147087"
"59400","0.02257477678358555","0.02257477678358555","0.02257477678358555"
"59500","0.018328776583075523","0.018328776583075523","0.018328776583075523"
"59600","0.018512507900595665","0.018512507900595665","0.018512507900595665"
"59700","0.013172416016459465","0.013172416016459465","0.013172416016459465"
"59800","0.015070290304720402","0.015070290304720402","0.015070290304720402"
"59900","0.016257457435131073","0.016257457435131073","0.016257457435131073"
"60000","0.015351708978414536","0.015351708978414536","0.015351708978414536"
"60100","0.01646551303565502","0.01646551303565502","0.01646551303565502"
"60200","0.016444291919469833","0.016444291919469833","0.016444291919469833"
"60300","0.020400136709213257","0.020400136709213257","0.020400136709213257"
"60400","0.01867261715233326","0.01867261715233326","0.01867261715233326"
"60500","0.022361893206834793","0.022361893206834793","0.022361893206834793"
"60600","0.018959172070026398","0.018959172070026398","0.018959172070026398"
"60700","0.022176917642354965","0.022176917642354965","0.022176917642354965"
"60800","0.02464425563812256","0.02464425563812256","0.02464425563812256"
"60900","0.01709667593240738","0.01709667593240738","0.01709667593240738"
"61000","0.018068773671984673","0.018068773671984673","0.018068773671984673"
"61100","0.01738370768725872","0.01738370768725872","0.01738370768725872"
"61200","0.014707325957715511","0.014707325957715511","0.014707325957715511"
"61300","0.016021205112338066","0.016021205112338066","0.016021205112338066"
"61400","0.017183050513267517","0.017183050513267517","0.017183050513267517"
"61500","0.016247723251581192","0.016247723251581192","0.016247723251581192"
"61600","0.015075964853167534","0.015075964853167534","0.015075964853167534"
"61700","0.01974542811512947","0.01974542811512947","0.01974542811512947"
"61800","0.020716914907097816","0.020716914907097816","0.020716914907097816"
"61900","0.017182311043143272","0.017182311043143272","0.017182311043143272"
"62000","0.022000228986144066","0.022000228986144066","0.022000228986144066"
"62100","0.01448756456375122","0.01448756456375122","0.01448756456375122"
"62200","0.016251590102910995","0.016251590102910995","0.016251590102910995"
"62300","0.018018677830696106","0.018018677830696106","0.018018677830696106"
"62400","0.0222901850938797","0.0222901850938797","0.0222901850938797"
"62500","0.01637383922934532","0.01637383922934532","0.01637383922934532"
"62600","0.013122865930199623","0.013122865930199623","0.013122865930199623"
"62700","0.013702789321541786","0.013702789321541786","0.013702789321541786"
"62800","0.020391151309013367","0.020391151309013367","0.020391151309013367"
"62900","0.024866627529263496","0.024866627529263496","0.024866627529263496"
"63000","0.017556756734848022","0.017556756734848022","0.017556756734848022"
"63100","0.018519802019000053","0.018519802019000053","0.018519802019000053"
"63200","0.021503034979104996","0.021503034979104996","0.021503034979104996"
"63300","0.018756510689854622","0.018756510689854622","0.018756510689854622"
"63400","0.018399961292743683","0.018399961292743683","0.018399961292743683"
"63500","0.02255430817604065","0.02255430817604065","0.02255430817604065"
"63600","0.01399720087647438","0.01399720087647438","0.01399720087647438"
"63700","0.014285099692642689","0.014285099692642689","0.014285099692642689"
"63800","0.015999985858798027","0.015999985858798027","0.015999985858798027"
"63900","0.015196922235190868","0.015196922235190868","0.015196922235190868"
"64000","0.017852842807769775","0.017852842807769775","0.017852842807769775"
"64100","0.018763139843940735","0.018763139843940735","0.018763139843940735"
"64200","0.01631859689950943","0.01631859689950943","0.01631859689950943"
"64300","0.017848962917923927","0.017848962917923927","0.017848962917923927"
"64400","0.015678560361266136","0.015678560361266136","0.015678560361266136"
"64500","0.013001937419176102","0.013001937419176102","0.013001937419176102"
"64600","0.02069750241935253","0.02069750241935253","0.02069750241935253"
"64700","0.014640778303146362","0.014640778303146362","0.014640778303146362"
"64800","0.017169099301099777","0.017169099301099777","0.017169099301099777"
"64900","0.01788589172065258","0.01788589172065258","0.01788589172065258"
"65000","0.021624576300382614","0.021624576300382614","0.021624576300382614"
"65100","0.016932412981987","0.016932412981987","0.016932412981987"
"65200","0.027882061898708344","0.027882061898708344","0.027882061898708344"
"65300","0.02363516017794609","0.02363516017794609","0.02363516017794609"
"65400","0.016203533858060837","0.016203533858060837","0.016203533858060837"
"65500","0.017991647124290466","0.017991647124290466","0.017991647124290466"
"65600","0.01785079389810562","0.01785079389810562","0.01785079389810562"
"65700","0.015722263604402542","0.015722263604402542","0.015722263604402542"
"65800","0.015111547894775867","0.015111547894775867","0.015111547894775867"
"65900","0.019765321165323257","0.019765321165323257","0.019765321165323257"
"66000","0.02333308383822441","0.02333308383822441","0.02333308383822441"
"66100","0.013716009445488453","0.013716009445488453","0.013716009445488453"
"66200","0.016907954588532448","0.016907954588532448","0.016907954588532448"
"66300","0.013699747622013092","0.013699747622013092","0.013699747622013092"
"66400","0.014945149421691895","0.014945149421691895","0.014945149421691895"
"66500","0.011913357302546501","0.011913357302546501","0.011913357302546501"
"66600","0.019736915826797485","0.019736915826797485","0.019736915826797485"
"66700","0.01468467153608799","0.01468467153608799","0.01468467153608799"
"66800","0.017136408016085625","0.017136408016085625","0.017136408016085625"
"66900","0.021083040162920952","0.021083040162920952","0.021083040162920952"
"67000","0.01754794828593731","0.01754794828593731","0.01754794828593731"
"67100","0.016344726085662842","0.016344726085662842","0.016344726085662842"
"67200","0.015675906091928482","0.015675906091928482","0.015675906091928482"
"67300","0.022525085136294365","0.022525085136294365","0.022525085136294365"
"67400","0.01708500273525715","0.01708500273525715","0.01708500273525715"
"67500","0.012929078191518784","0.012929078191518784","0.012929078191518784"
"67600","0.021947622299194336","0.021947622299194336","0.021947622299194336"
"67700","0.014245209284126759","0.014245209284126759","0.014245209284126759"
"67800","0.017938781529664993","0.017938781529664993","0.017938781529664993"
"67900","0.015196448192000389","0.015196448192000389","0.015196448192000389"
"68000","0.01692437008023262","0.01692437008023262","0.01692437008023262"
"68100","0.020249029621481895","0.020249029621481895","0.020249029621481895"
"68200","0.018006570637226105","0.018006570637226105","0.018006570637226105"
"68300","0.01873157173395157","0.01873157173395157","0.01873157173395157"
"68400","0.012695008888840675","0.012695008888840675","0.012695008888840675"
"68500","0.01432358380407095","0.01432358380407095","0.01432358380407095"
"68600","0.01582806184887886","0.01582806184887886","0.01582806184887886"
"68700","0.016013137996196747","0.016013137996196747","0.016013137996196747"
"68800","0.014384662732481956","0.014384662732481956","0.014384662732481956"
"68900","0.017624996602535248","0.017624996602535248","0.017624996602535248"
"69000","0.018776027485728264","0.018776027485728264","0.018776027485728264"
"69100","0.021039217710494995","0.021039217710494995","0.021039217710494995"
"69200","0.014189234934747219","0.014189234934747219","0.014189234934747219"
"69300","0.013424383476376534","0.013424383476376534","0.013424383476376534"
"69400","0.014911763370037079","0.014911763370037079","0.014911763370037079"
"69500","0.014253846369683743","0.014253846369683743","0.014253846369683743"
"69600","0.014042578637599945","0.014042578637599945","0.014042578637599945"
"69700","0.018380172550678253","0.018380172550678253","0.018380172550678253"
"69800","0.018242016434669495","0.018242016434669495","0.018242016434669495"
"69900","0.01683712564408779","0.01683712564408779","0.01683712564408779"
"70000","0.01916377991437912","0.01916377991437912","0.01916377991437912"
"70100","0.020714106038212776","0.020714106038212776","0.020714106038212776"
"70200","0.01970137655735016","0.01970137655735016","0.01970137655735016"
"70300","0.013473616912961006","0.013473616912961006","0.013473616912961006"
"70400","0.01691349782049656","0.01691349782049656","0.01691349782049656"
"70500","0.01689327508211136","0.01689327508211136","0.01689327508211136"
"70600","0.015674665570259094","0.015674665570259094","0.015674665570259094"
"70700","0.01937505602836609","0.01937505602836609","0.01937505602836609"
"70800","0.012670530006289482","0.012670530006289482","0.012670530006289482"
"70900","0.01669331267476082","0.01669331267476082","0.01669331267476082"
"71000","0.01810380257666111","0.01810380257666111","0.01810380257666111"
"71100","0.016471654176712036","0.016471654176712036","0.016471654176712036"
"71200","0.013591998256742954","0.013591998256742954","0.013591998256742954"
"71300","0.01547044888138771","0.01547044888138771","0.01547044888138771"
"71400","0.01148159708827734","0.01148159708827734","0.01148159708827734"
"71500","0.019671842455863953","0.019671842455863953","0.019671842455863953"
"71600","0.01272069476544857","0.01272069476544857","0.01272069476544857"
"71700","0.021171418949961662","0.021171418949961662","0.021171418949961662"
"71800","0.020210009068250656","0.020210009068250656","0.020210009068250656"
"71900","0.025256752967834473","0.025256752967834473","0.025256752967834473"
"72000","0.014128534123301506","0.014128534123301506","0.014128534123301506"
"72100","0.010632796213030815","0.010632796213030815","0.010632796213030815"
"72200","0.013528397306799889","0.013528397306799889","0.013528397306799889"
"72300","0.014881853945553303","0.014881853945553303","0.014881853945553303"
"72400","0.01549559086561203","0.01549559086561203","0.01549559086561203"
"72500","0.01221778430044651","0.01221778430044651","0.01221778430044651"
"72600","0.015274375677108765","0.015274375677108765","0.015274375677108765"
"72700","0.017798911780118942","0.017798911780118942","0.017798911780118942"
"72800","0.01589461788535118","0.01589461788535118","0.01589461788535118"
"72900","0.021242516115307808","0.021242516115307808","0.021242516115307808"
"73000","0.013567738234996796","0.013567738234996796","0.013567738234996796"
"73100","0.013566714711487293","0.013566714711487293","0.013566714711487293"
"73200","0.02012171968817711","0.02012171968817711","0.02012171968817711"
"73300","0.020460061728954315","0.020460061728954315","0.020460061728954315"
"73400","0.013231771998107433","0.013231771998107433","0.013231771998107433"
"73500","0.01697235181927681","0.01697235181927681","0.01697235181927681"
"73600","0.016474343836307526","0.016474343836307526","0.016474343836307526"
"73700","0.01493079960346222","0.01493079960346222","0.01493079960346222"
"73800","0.012562083080410957","0.012562083080410957","0.012562083080410957"
"73900","0.013027537614107132","0.013027537614107132","0.013027537614107132"
"74000","0.014283779077231884","0.014283779077231884","0.014283779077231884"
"74100","0.019034340977668762","0.019034340977668762","0.019034340977668762"
"74200","0.01446678675711155","0.01446678675711155","0.01446678675711155"
"74300","0.017761964350938797","0.017761964350938797","0.017761964350938797"
"74400","0.01589016616344452","0.01589016616344452","0.01589016616344452"
"74500","0.014378519728779793","0.014378519728779793","0.014378519728779793"
"74600","0.01399659551680088","0.01399659551680088","0.01399659551680088"
"74700","0.014590322971343994","0.014590322971343994","0.014590322971343994"
"74800","0.014133671298623085","0.014133671298623085","0.014133671298623085"
"74900","0.016609283164143562","0.016609283164143562","0.016609283164143562"
"75000","0.014590068720281124","0.014590068720281124","0.014590068720281124"
"75100","0.012486213818192482","0.012486213818192482","0.012486213818192482"
"75200","0.020085357129573822","0.020085357129573822","0.020085357129573822"
"75300","0.014364221133291721","0.014364221133291721","0.014364221133291721"
"75400","0.01361108385026455","0.01361108385026455","0.01361108385026455"
"75500","0.016752418130636215","0.016752418130636215","0.016752418130636215"