{"_wandb":{"runtime":176},"eval/rollout_ep3":{"_type":"video-file","sha256":"9b160538797df3b30b3447589cd416ad97c05305ab6b4f199935cd122bbec378","size":52283,"path":"media/videos/eval/rollout_ep3_70000_9b160538797df3b30b34.mp4"},"eval/rollout_ep4":{"_type":"video-file","sha256":"44aa464e0c45f18ec946274e57de60641984cd3ff328addd6bdaa20f0fdefe90","size":62357,"path":"media/videos/eval/rollout_ep4_70000_44aa464e0c45f18ec946.mp4"},"step":75500,"epoch":399,"_runtime":176.567557542,"train/loss":0.20882964134216309,"_step":75500,"_timestamp":1.770806730698081e+09,"eval/rollout_ep2":{"_type":"video-file","sha256":"cf5bd2e8d37e163836a94ad94cfd66398abb1dcd0693558326d55ba8bb07b3f8","size":57135,"path":"media/videos/eval/rollout_ep2_70000_cf5bd2e8d37e163836a9.mp4"},"eval/mean_reward":0.7671612916275212,"eval/rollout_ep0":{"path":"media/videos/eval/rollout_ep0_70000_a35ae95f38c65179fd11.mp4","_type":"video-file","sha256":"a35ae95f38c65179fd113867cf75853000348bbb1cca95de71fb715b0a50cc52","size":64141},"eval/rollout_ep1":{"path":"media/videos/eval/rollout_ep1_70000_24ed35f82eae51c82ad3.mp4","_type":"video-file","sha256":"24ed35f82eae51c82ad3f589a99f35a253aeab9237b7aee09ca18d891f71fce8","size":61031}}